id,title,score,num_comments,author,created_utc,url,over_18,edited,spoiler,stickied
1i17fyc,dbt Labs acquires SDF Labs,97,15,allpauses,2025-01-14 14:37:30,https://www.getdbt.com/blog/dbt-labs-announces-sdf-labs-acquisition,False,False,False,False
1i17bqf,Python for Data Engineers: Key topics & techniques ðŸ‘‡,83,22,analyticsvector_,2025-01-14 14:31:59,https://i.redd.it/eh82tguozyce1.png,False,False,False,False
1i0yvo3,Rise of Data Engineers,74,21,Ninad_Magdum,2025-01-14 05:18:47,https://www.reddit.com/r/dataengineering/comments/1i0yvo3/rise_of_data_engineers/,False,False,False,False
1i0v8c1,Would you guys quit over a full time RTO call?,69,58,DuckDatum,2025-01-14 02:03:13,https://www.reddit.com/r/dataengineering/comments/1i0v8c1/would_you_guys_quit_over_a_full_time_rto_call/,False,False,False,False
1i0uaou,FAANG Job Opportunity - Feels Weird?,44,29,rickdawlton,2025-01-14 01:17:23,https://www.reddit.com/r/dataengineering/comments/1i0uaou/faang_job_opportunity_feels_weird/,False,False,False,False
1i1141c,"Python vs Pyspark vs Snowpark
",22,6,ConsiderationLazy956,2025-01-14 07:53:24,https://www.reddit.com/r/dataengineering/comments/1i1141c/python_vs_pyspark_vs_snowpark/,False,False,False,False
1i187ob,Who should own the data transformation/modeling layer (data platform team or the analytics team)?,10,7,the-fake-me,2025-01-14 15:13:16,https://www.reddit.com/r/dataengineering/comments/1i187ob/who_should_own_the_data_transformationmodeling/,False,False,False,False
1i0qifq,I'm not sure if I'm allowed to web scrape,10,9,CompetitiveLeader965,2025-01-13 22:25:17,https://www.reddit.com/r/dataengineering/comments/1i0qifq/im_not_sure_if_im_allowed_to_web_scrape/,False,False,False,False
1i0qtzc,Data Management / Governance / Quality - Where do you go to stay up to date?,9,5,moritzis,2025-01-13 22:39:05,https://www.reddit.com/r/dataengineering/comments/1i0qtzc/data_management_governance_quality_where_do_you/,False,False,False,False
1i19t2u,Do you guys think cloud networking should be part of a data engineers skill set?,9,18,D-2-The-Ave,2025-01-14 16:23:32,https://www.reddit.com/r/dataengineering/comments/1i19t2u/do_you_guys_think_cloud_networking_should_be_part/,False,False,False,False
1i0t15s,Old person but early in DE career. Stick with comfortable but low growth job or take what is likely a huge stretch but ambition-aligned new role?,8,15,CaterineVauban,2025-01-14 00:17:55,https://www.reddit.com/r/dataengineering/comments/1i0t15s/old_person_but_early_in_de_career_stick_with/,False,False,False,False
1i0p0yh,Would you stage report-ready data directly into the gold lakehouse?,7,20,RaucousRat,2025-01-13 21:22:07,https://www.reddit.com/r/dataengineering/comments/1i0p0yh/would_you_stage_reportready_data_directly_into/,False,False,False,False
1i19kqh,Fuzz Matching Bulk Wine Data,4,4,Rub_my_turkey,2025-01-14 16:13:37,https://www.reddit.com/r/dataengineering/comments/1i19kqh/fuzz_matching_bulk_wine_data/,False,False,False,False
1i16ptk,Using Node.js + Apryse to Convert DOCX to Web-Ready PDFs on the Server ,4,0,9millionrainydays_91,2025-01-14 14:02:29,https://javascript.plainenglish.io/using-node-js-apryse-to-convert-docx-to-web-ready-pdfs-on-the-server-c1767e1187bb,False,False,False,False
1i0r2pj,Blog post: Data Masking with Azure Databricks,4,0,RayisImayev,2025-01-13 22:49:35,https://datanrg.blogspot.com/2025/01/data-masking-with-azure-databricks.html,False,False,False,False
1i0qrmz,Video walkthrough for setting up a GCP VM with the updated UI,2,0,DataSling3r,2025-01-13 22:36:22,https://i.redd.it/kpgkoxg79uce1.png,False,False,False,False
1i0qpxg,Am I Being Underpaid? C2H Data Warehouse Developer Position via Staffing Agency,4,6,JaguarNo673,2025-01-13 22:34:18,https://www.reddit.com/r/dataengineering/comments/1i0qpxg/am_i_being_underpaid_c2h_data_warehouse_developer/,False,False,False,False
1i0pd6j,Tips for junior engineer,6,3,mrrobot471,2025-01-13 21:36:36,https://www.reddit.com/r/dataengineering/comments/1i0pd6j/tips_for_junior_engineer/,False,False,False,False
1i15aov,Trino - How to work with arrays of structs without unnesting?,3,2,smariroach,2025-01-14 12:48:13,https://www.reddit.com/r/dataengineering/comments/1i15aov/trino_how_to_work_with_arrays_of_structs_without/,False,False,False,False
1i1eche,Is freeCodeCamp good for learning Data Science/Engineering? Looking for additional free resources,6,2,katua_bkl,2025-01-14 19:33:39,https://www.reddit.com/r/dataengineering/comments/1i1eche/is_freecodecamp_good_for_learning_data/,False,False,False,False
1i19emm,Documenting the data world,2,2,_Ishdhoggur_,2025-01-14 16:06:08,https://www.reddit.com/r/dataengineering/comments/1i19emm/documenting_the_data_world/,False,False,False,False
1i1941q,Databricks - is there an alternative to using DESCRIBE HISTORY for finding the last time a table was optimised/vacuumed?,2,0,dildan101,2025-01-14 15:53:18,https://www.reddit.com/r/dataengineering/comments/1i1941q/databricks_is_there_an_alternative_to_using/,False,False,False,False
1i0z0bv,Getting the opportunity to eventually promote to Data Engineer,2,3,DataGuy0,2025-01-14 05:27:01,https://www.reddit.com/r/dataengineering/comments/1i0z0bv/getting_the_opportunity_to_eventually_promote_to/,False,False,False,False
1i0tvnm,"Is databricks workspace running on K8s? If yes, what kind of PV they use?",2,1,Vw-Bee5498,2025-01-14 00:57:31,https://www.reddit.com/r/dataengineering/comments/1i0tvnm/is_databricks_workspace_running_on_k8s_if_yes/,False,False,False,False
1i0poso,Tools for CDC integrity checks,2,0,Tiny-Llama,2025-01-13 21:50:20,https://www.reddit.com/r/dataengineering/comments/1i0poso/tools_for_cdc_integrity_checks/,False,False,False,False
1i1fo6n,Struggling to Connect Trino to ADLS Gen2 â€” Need Guidance!,2,1,MiddleSale7577,2025-01-14 20:28:51,https://www.reddit.com/r/dataengineering/comments/1i1fo6n/struggling_to_connect_trino_to_adls_gen2_need/,False,False,False,False
1i1fgnu,Kafka Transactions Explained (Twice!),1,0,warpstream_official,2025-01-14 20:20:01,https://www.warpstream.com/blog/kafka-transactions-explained-twice,False,False,False,False
1i1bb5k,Data engineering dev tool SaaS companies : Boom or Bust?,1,10,Soggy_Consequence_96,2025-01-14 17:26:00,https://www.reddit.com/r/dataengineering/comments/1i1bb5k/data_engineering_dev_tool_saas_companies_boom_or/,False,False,False,False
1i1b60g,Need help on a weird thing,1,4,Ancient_Case_7441,2025-01-14 17:19:57,https://www.reddit.com/r/dataengineering/comments/1i1b60g/need_help_on_a_weird_thing/,False,False,False,False
1i19lz5,GCP bucket to s3,1,5,MahoYami,2025-01-14 16:15:00,https://www.reddit.com/r/dataengineering/comments/1i19lz5/gcp_bucket_to_s3/,False,False,False,False
1i14xiw,Build a Database for Semi-Structured Data with Cloud Services,1,0,tison1096,2025-01-14 12:26:51,https://www.reddit.com/r/dataengineering/comments/1i14xiw/build_a_database_for_semistructured_data_with/,False,False,False,False
1i12rlw,How to configure Snowflake MySQL native connector,1,0,BrotherGlobal5360,2025-01-14 09:59:30,https://www.reddit.com/r/dataengineering/comments/1i12rlw/how_to_configure_snowflake_mysql_native_connector/,False,False,False,False
1i12i6w,"Integrating Medallion Architecture (yes, that) in a Data Lakehouse with a Semantic Layer Tool: where does the GOLD sit?",1,3,No_No_Yes_Silly_5850,2025-01-14 09:39:51,https://www.reddit.com/r/dataengineering/comments/1i12i6w/integrating_medallion_architecture_yes_that_in_a/,False,False,False,False
1i0z9y5,The Future of Unified Observability: Integrating Data Observability with OpenTelemetry and eBPF,1,0,Gloomy_Initiative_16,2025-01-14 05:44:22,https://dsrnk.hashnode.dev/the-future-of-unified-observability-integrating-data-observability-with-opentelemetry-and-ebpf,False,False,False,False
1i0ya7d,"Looking for the next step, B.S. in Data Sciences with 3+ years work experience, what now?",1,5,ExplanationRich8137,2025-01-14 04:43:11,https://www.reddit.com/r/dataengineering/comments/1i0ya7d/looking_for_the_next_step_bs_in_data_sciences/,False,False,False,False
1i0ow0x,Data Virtualization in Data Lakehouse,1,0,mahmoud_aziz,2025-01-13 21:16:22,https://www.reddit.com/r/dataengineering/comments/1i0ow0x/data_virtualization_in_data_lakehouse/,False,False,False,False
1i1e0eh,Your production code contains ?,0,4,Dark_Man2023,2025-01-14 19:19:37,https://www.reddit.com/r/dataengineering/comments/1i1e0eh/your_production_code_contains/,False,False,False,False
1i1cbwp,How is the job market for data engineering?,0,9,NewLegacySlayer,2025-01-14 18:09:29,https://www.reddit.com/r/dataengineering/comments/1i1cbwp/how_is_the_job_market_for_data_engineering/,False,False,False,False
1i15f8k,Introducing Raden: The World's First AI Data Engineer. Looking forward to hearing your thoughts!,0,5,Weird-Comfortable121,2025-01-14 12:55:18,https://i.redd.it/avl50f4diyce1.jpeg,False,False,False,False
